date,a,b,z
2024-12-18,3941.89,5888.616,
2024-12-19,3945.464,5901.916,
2024-12-20,3927.744,5917.175,
2024-12-23,3933.572,5818.551,
2024-12-24,3983.688,5895.259,
2024-12-25,3985.629,5840.289,
2024-12-26,3987.48,5887.061,
2024-12-27,3981.031,5899.167,
2024-12-30,3999.055,5898.884,
2024-12-31,3934.911,5725.732,
2025-01-02,3820.395,5545.817,
2025-01-03,3775.165,5427.804,
2025-01-06,3768.97,5427.101,
2025-01-07,3796.106,5484.685,
2025-01-08,3789.215,5461.586,
2025-01-09,3779.877,5456.586,
2025-01-10,3732.481,5369.281,
2025-01-13,3722.513,5381.697,
2025-01-14,3820.54,5572.272,
2025-01-15,3796.026,5522.459,
2025-01-16,3800.384,5545.634,
2025-01-17,3812.343,5587.294,
2025-01-20,3829.676,5614.331,
2025-01-21,3832.615,5633.925,
2025-01-22,3797.017,5607.06,
2025-01-23,3803.744,5584.255,
2025-01-24,3832.864,5649.95,
2025-01-27,3817.08,5589.343,
2025-02-05,3795.085,5614.387,
2025-02-06,3842.831,5747.901,
2025-02-07,3892.703,5833.988,
2025-02-10,3901.062,5888.551,
2025-02-11,3883.135,5858.28,
2025-02-12,3919.862,5940.53,
2025-02-13,3905.14,5898.261,
2025-02-14,3939.009,5947.796,
2025-02-17,3947.398,5948.72,
2025-02-18,3912.783,5840.711,
2025-02-19,3940.16,5943.882,
2025-02-20,3928.896,5957.546,
2025-02-21,3978.444,6057.065,
2025-02-24,3969.717,6044.973,
2025-02-25,3925.651,5979.965,
2025-02-26,3959.941,6051.74,
2025-02-27,3968.116,6028.986,
2025-02-28,3890.049,5859.871,
2025-03-03,3888.474,5885.77,
2025-03-04,3885.221,5937.63,
2025-03-05,3902.571,5950.704,
2025-03-06,3956.237,6047.773,
2025-03-07,3944.014,6013.775,
2025-03-10,3928.802,6013.619,
2025-03-11,3941.416,6044.974,
2025-03-12,3927.232,6040.497,
2025-03-13,3911.579,5993.967,
2025-03-14,4006.557,6099.981,
2025-03-17,3996.788,6108.018,
2025-03-18,4007.723,6133.302,
2025-03-19,4010.168,6101.437,
2025-03-20,3974.992,6059.486,-1.0217797872981211
2025-03-21,3914.696,5971.93,-1.0306030003234434
2025-03-24,3934.849,5969.079,-0.7475406133919089
2025-03-25,3932.295,5946.951,-0.5977047176991598
2025-03-26,3919.357,5948.499,-0.744039422501736
2025-03-27,3932.412,5957.602,-0.6393006205522656
2025-03-28,3915.166,5916.031,-0.49454121553052993
2025-03-31,3887.306,5857.772,-0.348099142852391
2025-04-01,3887.684,5892.85,-0.6090574963973419
2025-04-02,3884.386,5899.086,-0.6767333560418903
2025-04-03,3861.503,5845.504,-0.4992839864263746
2025-04-07,3589.441,5287.033,0.8443307780376718
2025-04-08,3650.759,5326.914,1.3454081845437527
2025-04-09,3686.794,5439.771,0.8334213597833988
2025-04-10,3735.115,5544.064,0.5658080379403533
2025-04-11,3750.517,5581.318,0.47501778212245876
2025-04-14,3759.142,5627.138,0.1919373248644799
2025-04-15,3761.235,5602.534,0.5370647711163221
2025-04-16,3772.82,5556.864,1.2832359757780232
2025-04-17,3772.222,5557.011,1.304311517455439
2025-04-18,3772.523,5560.721,1.312683512925606
2025-04-21,3784.881,5642.38,0.6144463268452115
2025-04-22,3783.952,5624.209,0.8496714804963421
2025-04-23,3786.882,5634.949,0.8069676053650392
2025-04-24,3784.357,5605.879,1.14926650545808
2025-04-25,3786.994,5627.18,0.9433136031030555
2025-04-28,3781.619,5598.295,1.2418752354074514
2025-04-29,3775.077,5604.906,1.049266675328353
2025-04-30,3770.571,5631.825,0.6518622398968604
2025-05-06,3808.542,5740.334,-0.021394786031706928
2025-05-07,3831.627,5750.291,0.32056595453688547
2025-05-08,3852.896,5773.806,0.4343740702642218
2025-05-09,3846.157,5721.723,0.9800048072791909
2025-05-12,3890.61,5793.674,0.8792300396230909
2025-05-13,3896.258,5781.668,1.1142853795336711
2025-05-14,3943.211,5799.119,1.721315082720168
2025-05-15,3907.199,5715.296,2.0105340142266566
2025-05-16,3889.085,5715.849,1.6027159568284433
2025-05-19,3877.145,5720.795,1.2957210391935796
2025-05-20,3898.171,5747.367,1.3041225155286396
2025-05-21,3916.381,5757.922,1.4407557962942787
2025-05-22,3913.865,5703.28,1.9399459625163478
2025-05-23,3882.274,5653.043,1.8937412149444854
2025-05-26,3860.107,5669.461,1.293478960029814
2025-05-27,3839.397,5652.146,1.108685390767587
2025-05-28,3836.237,5637.238,1.1834100189717711
2025-05-29,3858.7,5719.91,0.6101745958597359
2025-05-30,3840.232,5671.072,0.8228525093944923
2025-06-03,3852.013,5694.838,0.7250652826430074
2025-06-04,3868.743,5739.006,0.4836476344647608
2025-06-05,3877.556,5769.967,0.25756468811619804
2025-06-06,3873.984,5762.078,0.2637746578768819
2025-06-09,3885.246,5805.654,-0.0760338299313404
2025-06-10,3865.465,5757.992,0.10988271442848098
2025-06-11,3894.625,5792.946,0.18154320248274383
2025-06-12,3892.199,5799.932,0.01219061171078168
2025-06-13,3864.182,5740.24,0.22547035770027887
2025-06-16,3873.795,5767.808,0.01050210733019696
2025-06-17,3870.379,5750.912,0.14376635374260677
2025-06-18,3874.971,5745.872,0.29156742613127873
2025-06-19,3843.091,5676.832,0.6038067585607373
2025-06-20,3846.644,5639.513,1.2727242595969703
2025-06-23,3857.902,5674.17,0.9459414131168815
2025-06-24,3904.034,5765.837,0.5193365729047663
2025-06-25,3960.066,5862.553,0.25175615943652874
2025-06-26,3946.02,5838.246,0.2844676058907963
2025-06-27,3921.758,5863.728,-0.8954822446904989
2025-06-30,3936.079,5915.388,-1.481910453655802
2025-07-01,3942.762,5934.67,-1.7169041948694586
2025-07-02,3943.685,5892.951,-0.9660664181632548
2025-07-03,3968.068,5922.66,-0.9021256012561351
2025-07-04,3982.203,5911.435,-0.18262895062011877
2025-07-07,3965.175,5900.406,-0.4703735104687586
2025-07-08,3998.453,5977.744,-1.0618126350715857
2025-07-09,3991.401,5953.487,-0.7399094190213167
2025-07-10,4010.024,5983.05,-0.771121588453453
2025-07-11,4014.807,6027.079,-1.5648992708469287
2025-07-14,4017.668,6020.858,-1.3060115099900576
2025-07-15,4019.064,6018.758,-1.1745878350955923
2025-07-16,4007.202,6017.195,-1.4655387495130316
2025-07-17,4034.491,6082.464,-1.8824721130988622
2025-07-18,4058.549,6099.61,-1.4510361172793254
2025-07-21,4085.607,6161.309,-1.7895260672652231
2025-07-22,4118.958,6213.407,-1.7495045062180161
2025-07-23,4119.769,6196.758,-1.3646163859424763
2025-07-24,4149.037,6293.599,-2.1922827425557365
2025-07-25,4127.163,6299.591,-2.648788756158045
2025-07-28,4135.824,6323.42,-2.6049974557320192
2025-07-29,4152.025,6356.133,-2.535637714244235
2025-07-30,4151.238,6314.688,-1.900781122991903
2025-07-31,4075.591,6226.343,-2.1737778672729875
2025-08-01,4054.929,6213.201,-2.2915351794722776
2025-08-04,4070.702,6261.731,-2.432240746927467
2025-08-05,4103.45,6303.236,-2.1864799603358462
2025-08-06,4113.485,6357.377,-2.4567563486968487
2025-08-07,4114.666,6337.542,-2.0975136540128583
2025-08-08,4104.967,6323.5,-2.011917840515515
2025-08-11,4122.511,6391.759,-2.303461021773737
2025-08-12,4143.825,6418.16,-2.1132698632870577
2025-08-13,4176.578,6508.098,-2.3380089476444814
2025-08-14,4173.313,6429.846,-1.5905439330317293
2025-08-15,4202.353,6568.57,-2.3305074268925807
2025-08-18,4239.413,6668.172,-2.544947523201757
2025-08-19,4223.374,6655.311,-2.482034169316223
2025-08-20,4271.396,6728.069,-2.3140349882455014
2025-08-21,4288.071,6704.166,-1.8404852409582557
2025-08-22,4377.998,6822.847,-1.605893086908505
2025-08-25,4469.222,6951.896,-1.454834848297969
2025-08-26,4452.591,6964.065,-1.6628990785301587
2025-08-27,4386.127,6862.563,-1.612841093541948
2025-08-28,4463.782,7011.16,-1.7250174664802052
2025-08-29,4496.759,7043.941,-1.5320292754914155
2025-09-01,4523.711,7110.288,-1.623418454268718
2025-09-02,4490.453,6961.689,-0.9472004230318375
2025-09-03,4459.83,6868.461,-0.612333540974824
2025-09-04,4365.209,6698.447,-0.421434524079136
2025-09-05,4460.325,6913.953,-0.8705533265123073
2025-09-08,4467.573,6992.117,-1.282384710437119
2025-09-09,4436.258,6928.965,-1.147162342394912
2025-09-10,4445.365,6932.109,-1.0376757519929625
2025-09-11,4548.035,7122.705,-1.2056426236838453
2025-09-12,4521.998,7147.749,-1.608522629399962
2025-09-15,4533.056,7137.363,-1.3846401049895818
2025-09-16,4523.337,7190.993,-1.7980467181860587
2025-09-17,4551.023,7260.035,-1.8956633089460497
2025-09-18,4498.109,7199.883,-1.9838604403752942
2025-09-19,4501.92,7170.349,-1.6756570383797451
2025-09-22,4522.608,7225.128,-1.7446160605074335
2025-09-23,4519.778,7180.714,-1.42773512266209
2025-09-24,4566.071,7323.709,-1.8029499890018699
2025-09-25,4593.488,7341.324,-1.5813373860203008
2025-09-26,4550.049,7240.912,-1.3480509868066728
2025-09-29,4620.053,7350.56,-1.3031922977384902
2025-09-30,4640.694,7412.368,-1.4480288461690654
2025-10-09,4709.482,7548.922,-1.5752907196340842
2025-10-10,4616.834,7398.224,-1.5217792522012215
2025-10-13,4593.979,7376.563,-1.5727363732030453
2025-10-14,4539.064,7194.851,-0.906548427311911
2025-10-15,4606.288,7294.001,-0.8315004987130333
2025-10-16,4618.422,7231.534,-0.21506617330034447
2025-10-17,4514.235,7016.066,0.22022033944626282
2025-10-20,4538.22,7069.641,0.13004058780456232
2025-10-21,4607.872,7185.624,0.10582697646408569
2025-10-22,4592.57,7128.478,0.4296162681645732
2025-10-23,4606.345,7142.954,0.5476345964751277
2025-10-24,4660.684,7258.534,0.3038667969465783
2025-10-27,4716.019,7379.394,0.01327477286640338
2025-10-28,4691.973,7341.03,0.0480033499617473
2025-10-29,4747.838,7480.967,-0.4270274738917049
2025-10-30,4709.911,7385.711,-0.04443462641242076
2025-10-31,4640.668,7331.003,-0.5763092889537755
2025-11-03,4653.403,7333.601,-0.3640448050779221
2025-11-04,4618.699,7210.825,0.4157375992108547
2025-11-05,4627.257,7229.341,0.3904034684841498
2025-11-06,4693.403,7345.723,0.2629282329707463
2025-11-07,4678.794,7327.911,0.2332674984223429
2025-11-10,4695.051,7343.802,0.37730655348724335
2025-11-11,4652.166,7291.608,0.21402751446505094
2025-11-12,4645.908,7243.249,0.7085120743010052
2025-11-13,4702.074,7355.291,0.4128954440183052
2025-11-14,4628.14,7235.462,0.5007856667888928
2025-11-17,4598.053,7235.351,-0.0982579350696425
2025-11-18,4568.193,7151.018,0.3826250011737508
2025-11-19,4588.292,7122.747,1.129906417929686
2025-11-20,4564.948,7061.95,1.4002981093968982
2025-11-21,4453.608,6817.41,2.231622766003704
2025-11-24,4448.048,6868.966,1.4308693635581582
2025-11-25,4490.405,6954.604,1.1665224222448694
2025-11-26,4517.626,6965.045,1.5059576271949826
2025-11-27,4515.403,6951.284,1.5742845386479882
2025-11-28,4526.662,7031.55,0.8153675477281882
2025-12-01,4576.486,7101.833,0.8786107720515414
2025-12-02,4554.335,7040.301,1.1554583887769485
2025-12-03,4531.049,6996.355,1.2339231755279232
2025-12-04,4546.566,7012.806,1.3251829536654591
2025-12-05,4584.537,7097.839,1.0558821450972304
2025-12-08,4621.755,7172.367,0.8665419038481278
2025-12-09,4598.223,7121.326,1.0096308564548668
2025-12-10,4591.827,7155.995,0.5009219532270379
2025-12-11,4552.185,7082.893,0.6258570035441157
2025-12-12,4580.95,7169.791,0.14987649101742595
2025-12-15,4552.06,7113.962,0.2555208997084693
2025-12-16,4497.555,7001.319,0.555739494013735
2025-12-17,4579.875,7137.834,0.43860449367661064
2025-12-18,4552.793,7100.836,0.35434348738016225
2025-12-19,4568.178,7169.551,-0.19730159537390116
2025-12-22,4611.624,7255.661,-0.4330037330045685
2025-12-23,4620.734,7256.787,-0.3080157598953828
2025-12-24,4634.059,7352.04,-1.218809066286931
2025-12-25,4642.536,7410.712,-1.7989930981194027
2025-12-26,4657.24,7458.838,-2.0826137913084524
2025-12-29,4639.372,7430.615,-2.0421532123818897
2025-12-30,4651.282,7458.936,-2.0961389214086674
2025-12-31,4629.94,7465.574,-2.4849397173038663
2026-01-05,4717.746,7651.198,-2.839843531842676
2026-01-06,4790.694,7814.136,-3.09174808798208
2026-01-07,4776.666,7875.082,-3.5417081355817728
2026-01-08,4737.654,7894.545,-3.712204818907381
2026-01-09,4758.922,8056.686,-3.9555534989263292
2026-01-12,4789.916,8249.128,-4.043618394402778
2026-01-13,4761.032,8143.28,-3.3104410491255316
2026-01-14,4741.931,8227.697,-3.4149984763116152
2026-01-15,4751.429,8223.269,-3.001907884062202
2026-01-16,4731.873,8232.674,-2.8896260209944264
2026-01-19,4734.456,8287.947,-2.8132665161008847
2026-01-20,4718.878,8247.805,-2.5617846604814267
2026-01-21,4723.069,8340.113,-2.6188490520578767
2026-01-22,4723.709,8387.595,-2.5541814631645092
2026-01-23,4702.497,8590.166,-2.933748188096974
2026-01-26,4706.964,8506.693,-2.5013813734988593
2026-01-27,4705.692,8548.932,-2.4303853120365533
2026-01-28,4717.991,8601.164,-2.3364194124554576
2026-01-29,4753.87,8517.843,-1.9077667998483705
2026-01-30,4706.34,8370.521,-1.6938017949214572
2026-02-02,4605.98,8037.045,-1.3015919109784075
2026-02-03,4660.107,8286.7,-1.571684497318443
2026-02-04,4698.683,8299.058,-1.3994056134495316
2026-02-05,4670.419,8146.107,-1.142927916204015
2026-02-06,4643.596,8146.413,-1.1997894663991124
2026-02-09,4719.056,8311.283,-1.2227641566936835
2026-02-10,4724.296,8306.444,-1.1539627769064678
2026-02-11,4713.819,8325.811,-1.1884170128671974
2026-02-12,4719.578,8423.569,-1.3136866052408844
2026-02-13,4660.406,8299.585,-1.23353643186748
2026-02-24,4707.544,8392.91,-1.2098078837399888
2026-02-25,4735.886,8527.56,-1.326403212042727
2026-02-26,4726.874,8557.216,-1.3653442697860911
2026-02-27,4710.647,8658.45,-1.5519665703266674
2026-03-02,4728.669,8658.334,-1.4385203155114856
2026-03-03,4655.896,8281.614,-0.9420291525060778
2026-03-04,4602.625,8248.945,-1.0303873649753297
2026-03-05,4647.692,8309.171,-0.9586043438479127
2026-03-06,4660.439,8360.335,-0.9828675456707715
2026-03-09,4615.455,8279.481,-0.9524204651275177
2026-03-10,4674.756,8410.303,-0.9713757640959715
2026-03-11,4704.496,8403.33,-0.8223359835287883
2026-03-12,4687.56,8359.472,-0.7676899298294841
2026-03-13,4669.14,8239.798,-0.5583045223520047
2026-03-16,4671.559,8185.152,-0.40376844576079135
2026-03-17,4637.439,8016.026,-0.1259549830842888
2026-03-18,4658.332,8096.428,-0.2019624090180826
2026-03-19,4583.251,7877.09,0.04802034869052684
2026-03-20,4567.018,7760.037,0.3171775413392431
2026-03-23,4417.997,7440.745,0.5476050090781814
2026-03-24,4474.722,7597.373,0.4215199559488084
2026-03-25,4537.466,7767.666,0.2804622979859023
2026-03-26,4477.534,7642.13,0.4000203576931045
2026-03-27,4502.57,7737.614,0.28387042165805015
2026-03-30,4491.95,7753.724,0.21580588156341668
2026-03-31,4450.049,7617.326,0.498225596752546
2026-04-01,4526.067,7750.092,0.5466479977130367
2026-04-02,4478.914,7605.293,0.8717836298629877
2026-04-03,4440.789,7534.938,0.979855639775228
2026-04-07,4440.616,7571.111,0.9013349808829508
2026-04-08,4595.556,7945.153,0.47441765011169706
2026-04-09,4566.224,7898.633,0.5235958649436825
2026-04-10,4636.566,7969.365,0.848872768997809
2026-04-13,4646.155,7967.697,0.9981125543076648
2026-04-14,4701.284,8088.569,0.880092887285174
2026-04-15,4685.246,8044.077,0.9689738392409483
2026-04-16,4736.608,8180.082,0.7211516891104262
2026-04-17,4728.672,8214.194,0.4617487851501445
2026-04-20,4757.442,8290.022,0.328235838610223
2026-04-21,4767.997,8270.326,0.5309796087433406
2026-04-22,4799.627,8376.181,0.25566176023266585
2026-04-23,4786.327,8295.207,0.5580344002343369
2026-04-24,4769.369,8247.876,0.6375404262018842
2026-04-27,4770.947,8299.049,0.36262876170864994
2026-04-28,4758.208,8203.961,0.7313731679918141
2026-04-29,4810.347,8342.422,0.4407048248706409
2026-04-30,4807.307,8349.508,0.3458368837976693
2026-05-06,4877.093,8588.439,-0.3486051377497623
2026-05-07,4900.51,8696.799,-0.7426601471524602
2026-05-08,4871.912,8694.171,-1.0119069327088452
2026-05-11,4951.837,8839.741,-1.0009007259068183
2026-05-12,4948.047,8785.979,-0.7417330511978169
2026-05-13,4998.342,8918.239,-0.9640609164537197
2026-05-14,4914.597,8670.157,-0.4034876102421141
2026-05-15,4859.593,8536.345,-0.19338976762247975
2026-05-18,4833.524,8554.237,-0.5517720632231615
2026-05-19,4852.883,8627.946,-0.761690492364607
2026-05-20,4850.7,8656.307,-0.9282851551825175
2026-05-21,4783.098,8419.837,-0.28506182944669367
2026-05-22,4845.096,8576.94,-0.5630642269844566
2026-05-25,4921.597,8703.89,-0.5248771011256865
2026-05-26,4947.849,8658.619,-0.034962032812308
2026-05-27,4908.171,8530.98,0.2756221416379087
2026-05-28,4914.213,8563.222,0.10727996642253332
2026-05-29,4892.121,8359.56,1.1576304229934642
2026-06-01,4844.256,8274.212,1.1431260434493558
2026-06-02,4914.559,8321.435,1.5839743668582258
2026-06-03,4938.809,8362.156,1.533432806931821
2026-06-04,4904.745,8356.744,1.1467299959852575
2026-06-05,4816.92,8251.141,0.8134345162534853
2026-06-08,4713.636,7963.453,1.5915021329363992
2026-06-09,4801.811,8176.179,1.092723743888184
2026-06-10,4748.593,8063.864,1.222790868064005
2026-06-11,4722.412,8035.779,1.0612967745810329
2026-06-12,4777.321,8106.203,1.1943429028995078
2026-06-15,4891.713,8406.748,0.4061036450411176
2026-06-16,4884.232,8507.979,-0.41836545178197376
2026-06-17,4931.386,8627.086,-0.6615734496279475
2026-06-18,4941.599,8673.09,-0.8311126357390474
2026-06-22,5059.658,8868.782,-0.7256960669351038
2026-06-23,4919.386,8688.593,-1.1628223174976655
2026-06-24,4943.02,8842.938,-1.8731118170070915
2026-06-25,5020.104,8938.012,-1.5197285773511076
2026-06-26,4868.221,8703.565,-1.6929216439587644
2026-06-29,4926.921,8821.095,-1.699673407160652
2026-06-30,4979.433,9031.379,-2.297354608824549
2026-07-01,4958.977,9028.933,-2.3505180252759184
2026-07-02,4812.296,8694.176,-1.8563057477395248
2026-07-03,4842.174,8745.261,-1.767260641701391
2026-07-06,4841.998,8651.134,-1.1685068494864281
2026-07-07,4792.262,8508.788,-0.817316137635882
2026-07-08,4755.534,8390.02,-0.4711211754147416
2026-07-09,4876.313,8652.787,-0.7433329813640485
2026-07-10,4780.787,8503.971,-0.8407039378497015
2026-07-13,4695.383,8138.145,0.5188017412732197
2026-07-14,4796.502,8275.938,0.7623378025898565
2026-07-15,4786.783,8147.579,1.4436930113560604
2026-07-16,4698.434,7955.664,1.6531269671411792
2026-07-17,4529.095,7513.763,2.5004727415918166
2026-07-20,4598.321,7411.313,3.4207204744638693
2026-07-21,4739.229,7800.608,2.3582535967210525
2026-07-22,4717.244,7751.662,2.280773473282776
2026-07-23,4728.002,7734.31,2.308251533639962
2026-07-24,4649.192,7532.701,2.477623919105674
2026-07-27,4702.427,7720.598,1.9221408305574301
2026-07-28,4569.524,7443.433,2.073068322511964
2026-07-29,4600.262,7524.507,1.8486913038516979
2026-07-30,4549.72,7309.575,2.265540441133119
2026-07-31,4588.197,7493.985,1.6892514570080728
2026-08-03,4543.178,7414.522,1.6420752964216825
2026-08-04,4600.93,7607.487,1.2176673345516975
2026-08-05,4658.155,7809.207,0.7891194895301729
2026-08-06,4651.31,7829.361,0.6466273087589324
2026-08-07,4694.437,7980.125,0.3417436008732157
2026-08-10,4702.025,8030.948,0.18959725825632123
2026-08-11,4663.789,7967.539,0.16627157653535818
2026-08-12,4690.917,8045.31,0.032823887860097614
